#,,
UUU,F,0.57
UCU,S,0.15
UAU,Y,0.57
UGU,C,0.44
UUC,F,0.43
UCC,S,0.15
UAC,Y,0.43
UGC,C,0.56
UUA,L,0.13
UCA,S,0.12
UAA,*,0.64
UGA,*,0.29
UUG,L,0.13
UCG,S,0.15
UAG,*,0.07
UGG,W,1.00
CUU,L,0.10
CCU,P,0.16
CAU,H,0.57
CGU,R,0.38
CUC,L,0.10
CCC,P,0.12
CAC,H,0.43
CGC,R,0.40
CUA,L,0.04
CCA,P,0.19
CAA,Q,0.35
CGA,R,0.06
CUG,L,0.50
CCG,P,0.53
CAG,Q,0.65
CGG,R,0.10
AUU,I,0.51
ACU,T,0.16
AAU,N,0.45
AGU,S,0.15
AUC,I,0.42
ACC,T,0.44
AAC,N,0.55
AGC,S,0.28
AUA,I,0.07
ACA,T,0.13
AAA,K,0.76
AGA,R,0.04
AUG,M,1.00
ACG,T,0.27
AAG,K,0.24
AGG,R,0.02
GUU,V,0.26
GCU,A,0.16
GAU,D,0.63
GGU,G,0.34
GUC,V,0.22
GCC,A,0.27
GAC,D,0.37
GGC,G,0.41
GUA,V,0.15
GCA,A,0.21
GAA,E,0.69
GGA,G,0.11
GUG,V,0.37
GCG,A,0.36
GAG,E,0.31
GGG,G,0.15
UAU,Y,0.43
UAC,Y,0.57
CAU,H,0.57
CAC,H,0.43
AAU,N,0.45
AAC,N,0.55